model,threshold,accuracy,precision,recall,f1
Majority Baseline,0.5,0.7547608425106254,0.0,0.0,0.0
Always Delayed Baseline,0.5,0.2452391574893747,0.2452391574893747,1.0,0.39388282325432294
Logistic Regression,0.0,0.2452391574893747,0.2452391574893747,1.0,0.39388282325432294
Logistic Regression,0.05,0.322351891422265,0.26326074100737923,0.9803715051704328,0.4150637452621765
Logistic Regression,0.1,0.42350952168502126,0.29181547179835304,0.9466679433167369,0.4461139311900733
Logistic Regression,0.15,0.48787188578674245,0.3128129117259552,0.9093259287629261,0.4654935790608764
Logistic Regression,0.2,0.5506609998356305,0.3357893145923071,0.8509191880505553,0.4815497155242482
Logistic Regression,0.25,0.6087538450700918,0.3577377139196486,0.7485637686710073,0.4841166635704997
Logistic Regression,0.3,0.6636062648225984,0.378307210031348,0.5777479892761395,0.4572251269227855
Logistic Regression,0.35,0.708338225280015,0.39977694413464465,0.3775373420145538,0.3883389964051805
Logistic Regression,0.4,0.7349425881137436,0.41783489096573206,0.2054768288012256,0.2754813863928113
Logistic Regression,0.45,0.7467771855260995,0.42093023255813955,0.0866526235158943,0.14371923138002224
Logistic Regression,0.5,0.7517082677812478,0.4155844155844156,0.030639601685178094,0.05707151774567505
Logistic Regression,0.55,0.7537746260595957,0.40789473684210525,0.008904634239754882,0.017428785607196403
Logistic Regression,0.6,0.7542912156291827,0.3,0.001436231328992723,0.002858776443682104
Logistic Regression,0.65,0.7547608425106254,0.0,0.0,0.0
Logistic Regression,0.7,0.7547608425106254,0.0,0.0,0.0
Logistic Regression,0.75,0.7547608425106254,0.0,0.0,0.0
Logistic Regression,0.8,0.7547608425106254,0.0,0.0,0.0
Logistic Regression,0.85,0.7547608425106254,0.0,0.0,0.0
Logistic Regression,0.9,0.7547608425106254,0.0,0.0,0.0
Logistic Regression,0.95,0.7547608425106254,0.0,0.0,0.0
Logistic Regression,1.0,0.7547608425106254,0.0,0.0,0.0
Random Forest,0.0,0.2452391574893747,0.2452391574893747,1.0,0.39388282325432294
Random Forest,0.05,0.2452391574893747,0.2452391574893747,1.0,0.39388282325432294
Random Forest,0.1,0.26761687839011905,0.2502046910369407,0.9948295672156262,0.3998460650375216
Random Forest,0.15,0.35473266489773875,0.2715006169858898,0.9690731520490233,0.4241649553664976
Random Forest,0.2,0.4291920069504778,0.29323868889617943,0.9414017617770969,0.44718349896527415
Random Forest,0.25,0.4840913893911287,0.31206182541494115,0.9163155878973573,0.4655688258616915
Random Forest,0.3,0.5428651936036819,0.33189269746646793,0.8529299119111452,0.4778457247076494
Random Forest,0.35,0.6072040763613309,0.3548729792147806,0.7356376867100728,0.47878108057580854
Random Forest,0.4,0.657078451170545,0.36699066376774525,0.5495021064726159,0.44007361398665745
Random Forest,0.45,0.6965740718998755,0.382134703196347,0.38462274990425127,0.38337468982630274
Random Forest,0.5,0.7267710803766407,0.41327124563445866,0.27192646495595557,0.32802032802032804
Random Forest,0.55,0.7438185361730105,0.44854240282685515,0.1944657219456147,0.2713064386855464
Random Forest,0.6,0.7507690140183624,0.4723307291666667,0.1389314438912294,0.21470849363717076
Random Forest,0.65,0.7551835067039238,0.5058214747736093,0.07487552661815397,0.130442035029191
Random Forest,0.7,0.7554887641768615,0.5441595441595442,0.018288012255840674,0.03538675312644743
Random Forest,0.75,0.7547138798224811,0.45454545454545453,0.0009574875526618154,0.0019109497420217848
Random Forest,0.8,0.7547608425106254,0.0,0.0,0.0
Random Forest,0.85,0.7547608425106254,0.0,0.0,0.0
Random Forest,0.9,0.7547608425106254,0.0,0.0,0.0
Random Forest,0.95,0.7547608425106254,0.0,0.0,0.0
Random Forest,1.0,0.7547608425106254,0.0,0.0,0.0
